{
    "total_linhas": 183145,
    "colunas": [
        "id",
        "nome",
        "idade",
        "salario"
    ],
    "colunas_nulas": {
        "id": 0,
        "nome": 0,
        "idade": 183145,
        "salario": 0
    },
    "tipos_dados": {
        "id": "int64",
        "nome": "object",
        "idade": "float64",
        "salario": "float64"
    },
    "estatisticas_quantitativas": {
        "id": {
            "count": 183145.0,
            "mean": 55519750.45563351,
            "std": 52901.253958400266,
            "min": 55428237.0,
            "25%": 55473954.0,
            "50%": 55519764.0,
            "75%": 55565542.0,
            "max": 55611378.0
        },
        "idade": {
            "count": 0.0,
            "mean": NaN,
            "std": NaN,
            "min": NaN,
            "25%": NaN,
            "50%": NaN,
            "75%": NaN,
            "max": NaN
        },
        "salario": {
            "count": 183145.0,
            "mean": 7237.138939637991,
            "std": 8250.443007684627,
            "min": 0.01,
            "25%": 1796.59,
            "50%": 5153.78,
            "75%": 9597.73,
            "max": 129327.7
        }
    },
    "estatisticas_categoricas": {
        "nome": {
            "total": 183145,
            "valores_unicos": 107519,
            "valor_mais_frequente": "MARIA DE FATIMA DA SILVA",
            "frequencia_do_valor_mais_frequente": 27
        }
    }
}